part_number,price,supplier,purchase_link,unit
0046,0.8600,eBay,https://www.ebay.com/itm/175706115127,
0100,0.1600,Jameco,https://www.jameco.com/webapp/wcs/stores/servlet/ProductDisplay?productId=29831,
0102,0.1500,Jameco,https://www.jameco.com/webapp/wcs/stores/servlet/ProductDisplay?productId=158491,
0104,0.1900,Jameco,https://www.jameco.com/webapp/wcs/stores/servlet/ProductDisplay?productId=93729,
0106,0.1700,Jameco,https://www.jameco.com/webapp/wcs/stores/servlet/ProductDisplay?productId=135184,
0108,0.2900,Jameco,https://www.jameco.com/webapp/wcs/stores/servlet/ProductDisplay?productId=31000,
0110,0.1700,Jameco,https://www.jameco.com/z/ECA-1HM100-JVP-Jameco-ValuePro-10-uF-50-Volt-Radial-Capacitor_29891.html,
0112,0.1700,Jameco,https://www.jameco.com/z/ECA-1HM220-JVP-Jameco-ValuePro-Capacitor-Radial-22-uF-50-Volt-20-85C-5x11x2mm_93739.html,
0114,0.1900,Jameco,https://www.jameco.com/z/RB47-50-R-James-Electronics-Capacitor-Radial-47-uF-50-Volt-20-105C-6-3x11x2-5mm_330820.html,
0116,0.0900,Jameco,http://www.jameco.com/z/R100-25-100-uF-25-Volt-Radial-Capacitor_93761.html,
0118,0.1500,Jameco,http://www.jameco.com/webapp/wcs/stores/servlet/ProductDisplay?search_type=jamecoall&catalogId=10001&freeText=29962&langId=-1&productId=29962&storeId=10001&ddkey=http:StoreCatalogDrillDownView,
0119,0.1900,Jameco,https://www.jameco.com/webapp/wcs/stores/servlet/ProductDisplay?productId=30496,
0122,0.4900,Jameco,https://www.jameco.com/z/R470-35-James-Electronics-470-uF-35-Volt-Radial-Electrolytic-Capacitor-85C_93817.html,
0132,1.5000,,,
0351,1.1728,Digi-Key,https://www.digikey.com/en/products/detail/tt-electronics-bi/P160KN-0QC15B250K/5957457,
0388,1.2270,Digi-Key,https://www.digikey.com/products/en?keywords=P160KN-0QD15B1K,
0390,0.7600,Adafruit,https://www.adafruit.com/products/562,
0392,0.9500,Adafruit,https://www.adafruit.com/products/1831,
0644,2.5000,Adafruit,https://www.adafruit.com/products/359,
0746,0.0050,Amazon,https://www.amazon.com/Uxcell-s16031200am0392-2-54mm-40-Pin-Connector/dp/B00R1LQ3FC,
0756,2.0000,eBay,http://www.ebay.com/itm/5PCS-2-54mm-2-x-40-Pin-Male-Double-Row-Right-Angle-Pin-Header-Strip-/400492668502?pt=LH_DefaultDomain_0&hash=item5d3f392656,
0846,11.9500,Pololu,https://www.pololu.com/product/799,
0852,2.0000,Amazon,https://www.amazon.com/Gowoops-Converter-Voltage-Adjustable-Circuit/dp/B01GRIQBRY/,
0858,1.4000,Amazon,https://www.amazon.com/gp/product/B01NCRYXEW,
0003,2.5400,Digi-Key,https://www.digikey.com/en/products/detail/ohmite/15FR070E/822917,
0005,1.1900,Digi-Key,https://www.digikey.com/en/products/detail/riedon/MSR3-0R08F1/1641083,
0007,0.0200,Digi-Key,https://www.digikey.com/product-detail/en/yageo/CFR-25JB-52-10R/10QBK-ND/340,
0009,0.0200,Digi-Key,http://www.digikey.com/product-detail/en/stackpole-electronics-inc/CF14JT33R0/CF14JT33R0CT-ND/1830315,
0011,0.0200,Digi-Key,https://www.digikey.com/product-detail/en/yageo/CFR-25JB-52-47R/47QBK-ND/2219,
0013,0.0100,Digi-Key,https://www.digikey.com/en/products/detail/yageo/CFR-25JB-52-100R/246,
0015,0.0200,Digi-Key,http://www.digikey.com/product-detail/en/yageo/CFR-25JB-52-150R/150QBK-ND/469,
0017,0.01133,Digi-Key,http://www.digikey.com/product-detail/en/yageo/CFR-25JB-52-220R/220QBK-ND/1295,
0019,0.01133,Digi-Key,https://www.digikey.com/product-detail/en/yageo/CFR-25JB-52-270R/270QBK-ND/1386,
0021,0.01087,Digi-Key,https://www.digikey.com/product-detail/en/yageo/CFR-25JB-52-330R/330QBK-ND/1636,
0023,0.0200,Digi-Key,https://www.digikey.com/product-detail/en/yageo/CFR-25JB-52-470R/470QBK-ND/2211,
0025,0.01612,Digi-Key,https://www.digikey.com/en/products/detail/yageo/CFR-25JB-52-680R/2826,
0027,0.01133,Digi-Key,https://www.digikey.com/product-detail/en/yageo/CFR-25JB-52-1K/1.0KQBK-ND/96,
0029,0.0200,Digi-Key,https://www.digikey.com/product-detail/en/yageo/CFR-25JB-52-1K5/1.5KQBK-ND/132,
0031,0.0200,Digi-Key,https://www.digikey.com/product-detail/en/yageo/CFR-25JB-52-2K/2.0KQBK-ND/649,
0033,0.0200,Digi-Key,,
0035,0.0200,Digi-Key,,
0037,0.01476,Digi-Key,,
0039,0.0200,Digi-Key,,
0041,0.01476,Digi-Key,,
0043,0.0200,Digi-Key,https://www.digikey.com/products/en?keywords=5.6kqbk-nd,
0045,0.01087,Digi-Key,https://www.digikey.com/product-detail/en/yageo/CFR-25JB-52-10K/10KQBK-ND/338,
0047,0.01087,Digi-Key,,
0049,0.0200,Digi-Key,https://www.digikey.com/product-detail/en/yageo/CFR-25JB-52-22K/22KQBK-ND/1306,
0051,0.0200,Digi-Key,,
0053,0.0200,Digi-Key,,
0055,0.01087,Digi-Key,,
0057,0.0200,Digi-Key,https://www.digikey.com/product-detail/en/yageo/CFR-25JB-52-470K/470KQBK-ND/2210,
0059,0.0100,Digi-Key,https://www.digikey.com/en/products/detail/yageo/CFR-25JB-52-1M/99,
0061,0.01596,Digi-Key,https://www.digikey.com/product-detail/en/CFR-25JB-52-10M/10MQBK-ND/36371/,
1289,6.2600,Adafruit,https://www.adafruit.com/product/2717,
1816,0.0100,McMaster-Carr,http://www.mcmaster.com/#90591A121,
1998,2.0000,eBay,http://www.ebay.com/itm/ABI-300-LED-Strip-Light-RGB-Color-Changing-High-Brightness-5050-5M-16-4FT-12V-/252185656109,meter
2084,18.7000,Monoprice,http://www.monoprice.com/Product?c_id=102&cp_id=10239&cs_id=1023904&p_id=4043&seq=1&format=2,
2088,8.0000,Jameco,http://www.jameco.com/webapp/wcs/stores/servlet/ProductDisplay?langId=-1&storeId=10001&productId=36792&catalogId=10001&CID=MERCH,
2092,8.0000,Jameco,http://www.jameco.com/webapp/wcs/stores/servlet/ProductDisplay?search_type=jamecoall&catalogId=10001&freeText=36881&langId=-1&productId=36881&storeId=10001&ddkey=http:StoreCatalogDrillDownView,
2096,0.1000,MPJA,http://www.mpja.com/40Pc-Header-Female-Female-Jumpers-8in/productinfo/30117+PL,
2100,0.0700,MPJA,http://www.mpja.com/40pc-Header-Pin-Socket-Jumpers-7in/productinfo/31218+PL,
2102,0.0260,AliExpress,https://www.aliexpress.com/item/40pcs-dupont-cable-jumper-wire-dupont-line-Male-to-Male-dupont-line-20cm-1P-40P-free/32540324209.html,
2103,0.1575,Amazon,https://www.amazon.com/dp/B09SKMT35T,
1000,15.1900,Elegoo,https://www.elegoo.com/products/elegoo-uno-r3-board?variant=40905179103280,
